id,col1,col2,col3,col4,col5
0de22ad9-9099-467d-8a37-70b5cdb62e33,agent1,now,1,some text, some other text
c89381fa-5de9-447a-80e3-0883bc018ea1,agent2,now,1,some text, some other text
213db5c2-ee9c-4508-9b4d-4b93cd91a3fd,agent3,now,1,some text, some other text
f6e24d5e-d297-4533-a2e7-e811c52cf7e7,agent4,now,1,some text, some other text
ee07de34-40ea-47c0-9e30-19c15525c0d8,agent5,now,1,some text, some other text
aaf4766c-5df5-446c-acc1-0efebd8e00b1,agent6,now,1,some text, some other text
abe9c4d5-3bb9-4397-bd25-434296c89da9,agent7,now,1,some text, some other text
de750512-d668-4cd8-9176-f0b797fbdb30,agent8,now,1,some text, some other text
edc0e9e3-f84b-4073-92e1-e450cc4e04cf,agent9,now,1,some text, some other text
5431ec06-d159-4c8e-a163-3b44c64fe793,agent10,now,1,some text, some other text